"","Ironclad","Silent","Defect","Watcher","Rotating"
"Overall",0.146341463414634,0.161290322580645,0.175438596491228,0.384615384615385,0.179190751445087
"Last50",0.146341463414634,0.2,0.16,0.384615384615385,0.26
"Last25",0.12,0.28,0.24,0.384615384615385,0.28
